{"unknown": {"tweet_num": 212, "negative": 0.5377358490566038, "positive": 0.45754716981132076, "neutral": 0.0047169811320754715, "overall_feel": 0.013162052532672481}, "NC": {"tweet_num": 314, "negative": 0.6592356687898089, "positive": 0.34076433121019106, "neutral": 0.0, "overall_feel": -0.15450502851418452}, "NY": {"tweet_num": 867, "negative": 0.7704728950403691, "positive": 0.22722029988465975, "neutral": 0.002306805074971165, "overall_feel": -0.2804470832437674}, "CA": {"tweet_num": 1650, "negative": 0.7339393939393939, "positive": 0.26121212121212123, "neutral": 0.0048484848484848485, "overall_feel": -0.2566647783765855}, "VA": {"tweet_num": 298, "negative": 0.7214765100671141, "positive": 0.2785234899328859, "neutral": 0.0, "overall_feel": -0.22007106459287662}, "GA": {"tweet_num": 356, "negative": 0.7359550561797753, "positive": 0.2640449438202247, "neutral": 0.0, "overall_feel": -0.22750915301666697}, "FL": {"tweet_num": 771, "negative": 0.7250324254215305, "positive": 0.26848249027237353, "neutral": 0.00648508430609598, "overall_feel": -0.2410573047669256}, "TN": {"tweet_num": 209, "negative": 0.7081339712918661, "positive": 0.2822966507177033, "neutral": 0.009569377990430622, "overall_feel": -0.2122954776388645}, "DE": {"tweet_num": 31, "negative": 0.7096774193548387, "positive": 0.2903225806451613, "neutral": 0.0, "overall_feel": -0.29930335614206577}, "DC": {"tweet_num": 149, "negative": 0.6644295302013423, "positive": 0.33557046979865773, "neutral": 0.0, "overall_feel": -0.1325259017144924}, "SD": {"tweet_num": 22, "negative": 0.7272727272727273, "positive": 0.2727272727272727, "neutral": 0.0, "overall_feel": -0.28320928440246623}, "IN": {"tweet_num": 148, "negative": 0.7162162162162162, "positive": 0.28378378378378377, "neutral": 0.0, "overall_feel": -0.24132548485673488}, "IL": {"tweet_num": 326, "negative": 0.7515337423312883, "positive": 0.24233128834355827, "neutral": 0.006134969325153374, "overall_feel": -0.2778850561258024}, "OK": {"tweet_num": 112, "negative": 0.7946428571428571, "positive": 0.19642857142857142, "neutral": 0.008928571428571428, "overall_feel": -0.3151746524096652}, "CO": {"tweet_num": 177, "negative": 0.768361581920904, "positive": 0.23163841807909605, "neutral": 0.0, "overall_feel": -0.29961419203909095}, "TX": {"tweet_num": 899, "negative": 0.7341490545050056, "positive": 0.26362625139043383, "neutral": 0.002224694104560623, "overall_feel": -0.23412502125848528}, "MD": {"tweet_num": 226, "negative": 0.7256637168141593, "positive": 0.2743362831858407, "neutral": 0.0, "overall_feel": -0.24810985831956126}, "AZ": {"tweet_num": 300, "negative": 0.78, "positive": 0.21666666666666667, "neutral": 0.0033333333333333335, "overall_feel": -0.31528189425213216}, "KS": {"tweet_num": 51, "negative": 0.7254901960784313, "positive": 0.27450980392156865, "neutral": 0.0, "overall_feel": -0.17976097577077974}, "MN": {"tweet_num": 191, "negative": 0.6963350785340314, "positive": 0.3036649214659686, "neutral": 0.0, "overall_feel": -0.20370056649768697}, "LA": {"tweet_num": 135, "negative": 0.7777777777777778, "positive": 0.2222222222222222, "neutral": 0.0, "overall_feel": -0.2545962205147392}, "MA": {"tweet_num": 238, "negative": 0.6974789915966386, "positive": 0.29411764705882354, "neutral": 0.008403361344537815, "overall_feel": -0.19435045504493276}, "NV": {"tweet_num": 111, "negative": 0.7297297297297297, "positive": 0.2702702702702703, "neutral": 0.0, "overall_feel": -0.24853694045360722}, "WA": {"tweet_num": 290, "negative": 0.7344827586206897, "positive": 0.2620689655172414, "neutral": 0.0034482758620689655, "overall_feel": -0.21445681374135792}, "MO": {"tweet_num": 171, "negative": 0.7660818713450293, "positive": 0.23391812865497075, "neutral": 0.0, "overall_feel": -0.3289683245411104}, "WI": {"tweet_num": 113, "negative": 0.7876106194690266, "positive": 0.21238938053097345, "neutral": 0.0, "overall_feel": -0.353826727025842}, "NM": {"tweet_num": 50, "negative": 0.7, "positive": 0.3, "neutral": 0.0, "overall_feel": -0.09485262626262628}, "AR": {"tweet_num": 60, "negative": 0.6833333333333333, "positive": 0.31666666666666665, "neutral": 0.0, "overall_feel": -0.19253446368446378}, "MI": {"tweet_num": 199, "negative": 0.7286432160804021, "positive": 0.271356783919598, "neutral": 0.0, "overall_feel": -0.24571224314557036}, "NJ": {"tweet_num": 269, "negative": 0.7026022304832714, "positive": 0.29739776951672864, "neutral": 0.0, "overall_feel": -0.24729106203340148}, "CT": {"tweet_num": 70, "negative": 0.6571428571428571, "positive": 0.32857142857142857, "neutral": 0.014285714285714285, "overall_feel": -0.19404338177695327}, "KY": {"tweet_num": 116, "negative": 0.7672413793103449, "positive": 0.23275862068965517, "neutral": 0.0, "overall_feel": -0.28579417429632953}, "PA": {"tweet_num": 362, "negative": 0.6961325966850829, "positive": 0.2983425414364641, "neutral": 0.0055248618784530384, "overall_feel": -0.167484241549665}, "OH": {"tweet_num": 379, "negative": 0.7704485488126649, "positive": 0.22691292875989447, "neutral": 0.002638522427440633, "overall_feel": -0.26575606623009845}, "ME": {"tweet_num": 37, "negative": 0.7297297297297297, "positive": 0.2702702702702703, "neutral": 0.0, "overall_feel": -0.22760592410592415}, "ID": {"tweet_num": 40, "negative": 0.825, "positive": 0.175, "neutral": 0.0, "overall_feel": -0.41384409271284284}, "IA": {"tweet_num": 79, "negative": 0.7468354430379747, "positive": 0.25316455696202533, "neutral": 0.0, "overall_feel": -0.24776002794673696}, "SC": {"tweet_num": 132, "negative": 0.7803030303030303, "positive": 0.2196969696969697, "neutral": 0.0, "overall_feel": -0.32983336441529976}, "AL": {"tweet_num": 86, "negative": 0.686046511627907, "positive": 0.313953488372093, "neutral": 0.0, "overall_feel": -0.15311920702036985}, "UT": {"tweet_num": 58, "negative": 0.8103448275862069, "positive": 0.1896551724137931, "neutral": 0.0, "overall_feel": -0.32425323085811597}, "AK": {"tweet_num": 21, "negative": 0.9523809523809523, "positive": 0.047619047619047616, "neutral": 0.0, "overall_feel": -0.40877877413591696}, "OR": {"tweet_num": 148, "negative": 0.7297297297297297, "positive": 0.2702702702702703, "neutral": 0.0, "overall_feel": -0.25599308275915417}, "HI": {"tweet_num": 59, "negative": 0.847457627118644, "positive": 0.15254237288135594, "neutral": 0.0, "overall_feel": -0.3895405242905243}, "NE": {"tweet_num": 46, "negative": 0.717391304347826, "positive": 0.2826086956521739, "neutral": 0.0, "overall_feel": -0.2819258161323379}, "NH": {"tweet_num": 29, "negative": 0.6206896551724138, "positive": 0.3793103448275862, "neutral": 0.0, "overall_feel": -0.1495328904811664}, "WV": {"tweet_num": 26, "negative": 0.5384615384615384, "positive": 0.4230769230769231, "neutral": 0.038461538461538464, "overall_feel": -0.11142064879564878}, "MS": {"tweet_num": 47, "negative": 0.7659574468085106, "positive": 0.23404255319148937, "neutral": 0.0, "overall_feel": -0.25765712103668026}, "VT": {"tweet_num": 26, "negative": 0.6538461538461539, "positive": 0.3076923076923077, "neutral": 0.038461538461538464, "overall_feel": -0.06513553113553112}, "RI": {"tweet_num": 48, "negative": 0.7708333333333334, "positive": 0.22916666666666666, "neutral": 0.0, "overall_feel": -0.3562669781717401}, "MT": {"tweet_num": 14, "negative": 0.7142857142857143, "positive": 0.21428571428571427, "neutral": 0.07142857142857142, "overall_feel": -0.16538095238095243}, "ND": {"tweet_num": 21, "negative": 0.6666666666666666, "positive": 0.3333333333333333, "neutral": 0.0, "overall_feel": -0.07504979213907786}, "WY": {"tweet_num": 10, "negative": 0.9, "positive": 0.1, "neutral": 0.0, "overall_feel": -0.5304040404040405}}