{"MN": {"tweet_num": 197, "negative": 0.8324873096446701, "positive": 0.16751269035532995, "neutral": 0.0, "overall_feel": -0.29171515249180224}, "VA": {"tweet_num": 281, "negative": 0.8434163701067615, "positive": 0.15658362989323843, "neutral": 0.0, "overall_feel": -0.23042235904100408}, "CA": {"tweet_num": 1562, "negative": 0.8418693982074263, "positive": 0.15813060179257363, "neutral": 0.0, "overall_feel": -0.2635696616153151}, "FL": {"tweet_num": 765, "negative": 0.8261437908496732, "positive": 0.1738562091503268, "neutral": 0.0, "overall_feel": -0.24183929459083994}, "MD": {"tweet_num": 254, "negative": 0.8622047244094488, "positive": 0.1377952755905512, "neutral": 0.0, "overall_feel": -0.3101538979029136}, "NV": {"tweet_num": 228, "negative": 0.8991228070175439, "positive": 0.10087719298245613, "neutral": 0.0, "overall_feel": -0.38381413550711774}, "MI": {"tweet_num": 236, "negative": 0.826271186440678, "positive": 0.17372881355932204, "neutral": 0.0, "overall_feel": -0.22548562374144976}, "TX": {"tweet_num": 912, "negative": 0.8179824561403509, "positive": 0.18201754385964913, "neutral": 0.0, "overall_feel": -0.225027009825753}, "MA": {"tweet_num": 258, "negative": 0.7906976744186046, "positive": 0.20930232558139536, "neutral": 0.0, "overall_feel": -0.1873569057748644}, "PA": {"tweet_num": 408, "negative": 0.8382352941176471, "positive": 0.16176470588235295, "neutral": 0.0, "overall_feel": -0.2438482750002356}, "NY": {"tweet_num": 1026, "negative": 0.8294346978557505, "positive": 0.1705653021442495, "neutral": 0.0, "overall_feel": -0.24455032529456808}, "DC": {"tweet_num": 169, "negative": 0.8284023668639053, "positive": 0.17159763313609466, "neutral": 0.0, "overall_feel": -0.2598689487151023}, "RI": {"tweet_num": 42, "negative": 0.7619047619047619, "positive": 0.23809523809523808, "neutral": 0.0, "overall_feel": -0.2376067821067821}, "OR": {"tweet_num": 155, "negative": 0.7935483870967742, "positive": 0.2064516129032258, "neutral": 0.0, "overall_feel": -0.2583066629427921}, "NJ": {"tweet_num": 255, "negative": 0.8156862745098039, "positive": 0.1843137254901961, "neutral": 0.0, "overall_feel": -0.23966119523903828}, "TN": {"tweet_num": 198, "negative": 0.8434343434343434, "positive": 0.15656565656565657, "neutral": 0.0, "overall_feel": -0.2922576500260613}, "MT": {"tweet_num": 16, "negative": 0.6875, "positive": 0.3125, "neutral": 0.0, "overall_feel": 0.10801925505050505}, "KY": {"tweet_num": 143, "negative": 0.8391608391608392, "positive": 0.16083916083916083, "neutral": 0.0, "overall_feel": -0.2698510382714927}, "GA": {"tweet_num": 345, "negative": 0.8289855072463768, "positive": 0.17101449275362318, "neutral": 0.0, "overall_feel": -0.19309089740946878}, "SD": {"tweet_num": 27, "negative": 0.7407407407407407, "positive": 0.25925925925925924, "neutral": 0.0, "overall_feel": -0.21817592592592588}, "AR": {"tweet_num": 76, "negative": 0.9078947368421053, "positive": 0.09210526315789473, "neutral": 0.0, "overall_feel": -0.34475058859269386}, "IL": {"tweet_num": 394, "negative": 0.8147208121827412, "positive": 0.18527918781725888, "neutral": 0.0, "overall_feel": -0.23898440143170002}, "NC": {"tweet_num": 311, "negative": 0.7813504823151125, "positive": 0.21864951768488747, "neutral": 0.0, "overall_feel": -0.18675231743579215}, "AL": {"tweet_num": 110, "negative": 0.7818181818181819, "positive": 0.21818181818181817, "neutral": 0.0, "overall_feel": -0.19276113016613025}, "unknown": {"tweet_num": 205, "negative": 0.6195121951219512, "positive": 0.3804878048780488, "neutral": 0.0, "overall_feel": 0.09073345680967625}, "WI": {"tweet_num": 141, "negative": 0.8368794326241135, "positive": 0.16312056737588654, "neutral": 0.0, "overall_feel": -0.24440471389655793}, "IA": {"tweet_num": 66, "negative": 0.7727272727272727, "positive": 0.22727272727272727, "neutral": 0.0, "overall_feel": -0.1269081713040046}, "WA": {"tweet_num": 282, "negative": 0.8404255319148937, "positive": 0.1595744680851064, "neutral": 0.0, "overall_feel": -0.25555185283261506}, "VT": {"tweet_num": 26, "negative": 0.8076923076923077, "positive": 0.19230769230769232, "neutral": 0.0, "overall_feel": -0.189532967032967}, "AZ": {"tweet_num": 234, "negative": 0.8589743589743589, "positive": 0.14102564102564102, "neutral": 0.0, "overall_feel": -0.2446803774194645}, "CO": {"tweet_num": 202, "negative": 0.8366336633663366, "positive": 0.16336633663366337, "neutral": 0.0, "overall_feel": -0.24697043484110304}, "MS": {"tweet_num": 45, "negative": 0.8444444444444444, "positive": 0.15555555555555556, "neutral": 0.0, "overall_feel": -0.35581851851851864}, "CT": {"tweet_num": 98, "negative": 0.8979591836734694, "positive": 0.10204081632653061, "neutral": 0.0, "overall_feel": -0.3133600969433332}, "OK": {"tweet_num": 95, "negative": 0.8842105263157894, "positive": 0.11578947368421053, "neutral": 0.0, "overall_feel": -0.2950066290434712}, "LA": {"tweet_num": 125, "negative": 0.848, "positive": 0.152, "neutral": 0.0, "overall_feel": -0.20195972486772495}, "OH": {"tweet_num": 322, "negative": 0.8354037267080745, "positive": 0.16459627329192547, "neutral": 0.0, "overall_feel": -0.2945567918578675}, "IN": {"tweet_num": 184, "negative": 0.7771739130434783, "positive": 0.22282608695652173, "neutral": 0.0, "overall_feel": -0.21753068266777495}, "ID": {"tweet_num": 34, "negative": 0.8529411764705882, "positive": 0.14705882352941177, "neutral": 0.0, "overall_feel": -0.2570540011459129}, "UT": {"tweet_num": 89, "negative": 0.7640449438202247, "positive": 0.23595505617977527, "neutral": 0.0, "overall_feel": -0.11946121866065687}, "SC": {"tweet_num": 126, "negative": 0.8650793650793651, "positive": 0.1349206349206349, "neutral": 0.0, "overall_feel": -0.32241746062579385}, "MO": {"tweet_num": 161, "negative": 0.8074534161490683, "positive": 0.19254658385093168, "neutral": 0.0, "overall_feel": -0.2453426780833614}, "KS": {"tweet_num": 105, "negative": 0.7523809523809524, "positive": 0.24761904761904763, "neutral": 0.0, "overall_feel": -0.1423330687830688}, "NE": {"tweet_num": 64, "negative": 0.6875, "positive": 0.3125, "neutral": 0.0, "overall_feel": 0.041041875225468996}, "NH": {"tweet_num": 36, "negative": 0.8611111111111112, "positive": 0.1388888888888889, "neutral": 0.0, "overall_feel": -0.3243693405139834}, "DE": {"tweet_num": 30, "negative": 0.8666666666666667, "positive": 0.13333333333333333, "neutral": 0.0, "overall_feel": -0.2769405964405965}, "WV": {"tweet_num": 35, "negative": 0.8571428571428571, "positive": 0.14285714285714285, "neutral": 0.0, "overall_feel": -0.2959807771593486}, "ME": {"tweet_num": 54, "negative": 0.7592592592592593, "positive": 0.24074074074074073, "neutral": 0.0, "overall_feel": -0.16825056116722784}, "NM": {"tweet_num": 57, "negative": 0.8245614035087719, "positive": 0.17543859649122806, "neutral": 0.0, "overall_feel": -0.20276452322265723}, "HI": {"tweet_num": 70, "negative": 0.9, "positive": 0.1, "neutral": 0.0, "overall_feel": -0.25930136801029674}, "ND": {"tweet_num": 16, "negative": 0.875, "positive": 0.125, "neutral": 0.0, "overall_feel": -0.2781488997113997}, "WY": {"tweet_num": 6, "negative": 1.0, "positive": 0.0, "neutral": 0.0, "overall_feel": -0.5758062770562771}, "AK": {"tweet_num": 10, "negative": 0.9, "positive": 0.1, "neutral": 0.0, "overall_feel": -0.23841666666666667}}